Players,PLAYERLASTNAME,PLAY,UID,PASSES / MEAN,Km covered in possession,Km covered not in possession,Matches Played,Minutes Played,Minutes / game,Meters  / minute,M_MIN_OVER_AVG,Distance km covered,Top Speed 
Ignazio,ABATE,ABAT,ABATITA,0.8,3.7,3,1,90,90,104.44,0.883213531,9.4,31.5
Vincent,ABOUBAKAR,ABOU,ABOUCMR,0.5,4.3,5,2,142,71,99.3,-18.95214168,14.1,29.4
Gabriel,ACHILIER,ACHI,ACHIECU,0,0.5,0.7,2,9,4.5,200,81.74785832,1.8,22.7
Johnny,ACOSTA,ACOS,ACOSCRC,0.7,4.3,9,2,163,81.5,117.18,-1.07214168,19.1,27.4
Albert,ADOMAH,ADOM,ADOMGHA,1.7,0.9,0.6,1,12,12,183.33,65.07785832,2.2,26.5
Harrison,AFFUL,AFFU,AFFUGHA,1.4,7.2,9.5,2,180,90,122.22,3.96785832,22,29.9
Acquah,AFRIYIE,AFRI,AFRIGHA,1.3,0.7,1.1,1,14,14,178.57,60.31785832,2.5,28.5
Sergio,AGUERO,AGUE,AGUEARG,0.4,13.1,10.3,5,313,62.6,102.24,-16.01214168,32,31.1
Abel,AGUILAR,AGUI,AGUICOL,0.8,9.4,10.3,3,238,79.33,121.01,2.75785832,28.8,27.2
Paul,AGUILAR,AGUI,AGUIMEX,1.1,12.8,14.4,4,360,90,110.28,-7.97214168,39.7,31.1
Igor,AKINFEEV,AKIN,AKINRUS,0.5,3.5,3.3,3,270,90,37.41,-80.84214168,10.1,24.2
Jordi,ALBA,ALBA,ALBAESP,1.8,13.7,10.4,3,270,90,117.78,-0.47214168,31.8,31.6
Raul,ALBIOL,ALBI,ALBIESP,1,4.3,3.4,1,90,90,111.11,-7.14214168,10,23.9
Toby,ALDERWEIRELD,ALDE,ALDEBEL,1.2,16.7,15.4,4,390,97.5,117.18,-1.07214168,45.7,29.6
Andre,ALMEIDA,ALME,ALMEPOR,1.3,3.2,3.3,2,71,35.5,115.49,-2.76214168,8.2,31.6
Hugo,ALMEIDA,ALME,ALMEPOR,1.3,0.9,1.2,1,28,28,103.57,-14.68214168,2.9,24.5
Xabi,ALONSO,ALON,ALONESP,1.9,10.3,7.6,3,191,63.67,122.51,4.25785832,23.4,27.1
Jozy,ALTIDORE,ALTI,ALTIUSA,0.3,0.7,0.9,1,23,23,104.35,-13.90214168,2.4,23.5
Ricardo,ALVAREZ,ALVA,ALVAARG,1,1.3,1.4,1,27,27,137.04,18.78785832,3.7,30.9
Dani,ALVES,ALVE,ALVEBRA,1.6,16.3,15.3,4,390,97.5,114.1,-4.15214168,44.5,28.9
Bruno,ALVES,ALVE,ALVEPOR,1.1,10,11.4,3,270,90,108.89,-9.36214168,29.4,27.8
Efe,AMBROSE,AMBR,AMBRNGA,1.3,13.4,14.2,4,360,90,106.11,-12.14214168,38.2,30.1
Shola,AMEOBI,AMEO,AMEONGA,0.6,2.9,2.3,2,63,31.5,122.22,3.96785832,7.7,24.9
Ruben,AMORIM,AMOR,AMORPOR,1.1,4.2,3.8,1,90,90,125.56,7.30785832,11.3,27.8
Karim,ANSARI FARD,ANSA,ANSAIRN,0.6,0.9,1.2,1,22,22,136.36,18.10785832,3,24.9
Toshihiro,AOYAMA,AOYA,AOYAJPN,1,2.9,2.5,1,62,62,117.74,-0.51214168,7.3,25.2
Javier,AQUINO,AQUI,AQUIMEX,0,1.3,1.6,1,29,29,148.28,30.02785832,4.3,27.6
El,ARBI SOUDANI,ARABI,ARBIALG,0.3,4.4,8.2,3,167,55.67,113.77,-4.48214168,19,28.3
Charles,ARANGUIZ,ARAN,ARANCHI,0.9,17.9,15.9,4,364,91,129.12,10.86785832,47,29.1
Egidio,AREVALO,AREV,AREVURU,1,11.1,15.1,4,360,90,110.56,-7.69214168,39.8,27.8
Santiago,ARIAS,ARIA,ARIACOL,1.1,5.2,6.3,3,124,41.33,121.77,3.51785832,15.1,31.4
Pablo,ARMERO,ARME,ARMECOL,0.9,15.1,15.8,5,416,83.2,110.34,-7.91214168,45.9,31.9
Michael,ARROYO,ARRO,ARROECU,0.8,3.8,5.2,2,102,51,126.47,8.21785832,12.9,30.5
Kwadwo,ASAMOAH,ASAM,ASAMGHA,1.4,10.3,10.9,3,270,90,109.63,-8.62214168,29.6,30.9
Benoit,ASSOU EKOTTO,ASSO,ASSOCMR,1,5.2,7.2,2,180,90,104.44,-13.81214168,18.8,30.3
Christian,ATSU,ATSU,ATSUGHA,0.9,10.8,10.5,3,240,80,123.33,5.07785832,29.6,30.3
Serge,AURIER,AURI,AURICIV,1.1,10.5,9.3,3,270,90,106.67,-11.58214168,28.8,33.5
Jordan,AYEW,AYEW,AYEWGHA1,0.6,5.6,4.9,3,116,38.67,136.21,17.95785832,15.8,31.2
Andre,AYEW,AYEW,AYEWGHA2,0.6,11.4,10.5,3,261,87,116.86,-1.39214168,30.5,31
Walter,AYOVI,AYOV,AYOVECU,1.2,8.4,11.2,3,270,90,102.59,-15.66214168,27.7,30.3
Ramon,AZEEZ,AZEE,AZEENGA,1.5,4.1,2.3,1,69,69,131.88,13.62785832,9.1,25.7
Cesar,AZPILICUETA,AZPI,AZPIESP,1.5,8.2,6.4,2,180,90,107.78,-10.47214168,19.4,31.6
Michael,BABATUNDE,BABA,BABANGA,0.7,6,7.8,2,141,70.5,124.11,5.85785832,17.5,26.5
Carlos,BACCA,BACC,BACCCOL,0.8,0.9,0.4,1,20,20,120,1.74785832,2.4,22.3
Emmanuel,AGYEMANG-BADU,AGYE,AGYEGHA,0.9,4.3,5.6,2,102,51,133.33,15.07785832,13.6,30.5
Leighton,BAINES,BAIN,BAINENG,1.5,7.4,6.7,2,180,90,106.67,-11.58214168,19.2,29.8
Eder,ALVAREZ BALANTA,ALVA,ALVACOL,0.6,3.1,3.8,1,90,90,105.56,-12.69214168,9.5,27.6
Mario,BALOTELLI,BALO,BALOITA,0.4,9,6,3,209,69.67,99.52,-18.73214168,20.8,33
Souleymane,BAMBA,BAMB,BAMBCIV,1.3,8.8,8.3,3,270,90,91.85,-26.40214168,24.8,31
Ross,BARKLEY,BARK,BARKENG,1,7.2,5.5,3,145,48.33,126.9,8.64785832,18.4,30.2
Michael,BARRANTES,BARR,BARRCRC,2.3,1.1,1,2,13,6.5,230.77,112.5178583,3,28
Boubacar,BARRY,BARR,BARRCIV,0.5,2.1,2.3,3,270,90,26.67,-91.58214168,7.2,28.1
Andrea,BARZAGLI,BARZ,BARZITA,1.8,11.1,10.7,3,270,90,111.48,-6.77214168,30.1,29.1
DaMarcus,BEASLEY,BEAS,BEASUSA,1.2,13,18.5,4,390,97.5,109.74,-8.51214168,42.8,30.2
Jean,BEAUSEJOUR,BEAU,BEAUCHI,0.5,3.1,2.5,2,66,33,122.73,4.47785832,8.1,29.1
Kyle,BECKERMAN,BECK,BECKUSA,1,9.6,14.9,3,270,90,123.7,5.44785832,33.4,26.3
Brayan,BECKELES,BECK,BECKHON,1.3,10,11.6,3,270,90,110,-8.25214168,29.7,28.8
Henri,BEDIMO,BEDI,BEDICMR,1,2.8,3.6,1,90,90,100,-18.25214168,9,30.9
Alejandro,BEDOYA,BEDO,BEDOUSA,0.8,11.9,15.1,4,285,71.25,132.63,14.37785832,37.8,32.3
Asmir,BEGOVIC,BEGO,BEGOBIH,0.5,5.4,5.1,3,270,90,54.81,-63.44214168,14.8,16.6
Valon,BEHRAMI,BEHR,BEHRSUI,1,12.7,17.8,4,346,86.5,120.81,2.55785832,41.8,31.2
Esseid,BELKALEM,BELK,BELKALG,0.7,6.3,9.8,3,211,70.33,107.11,-11.14214168,22.6,27
Diego,BENAGLIO,BENA,BENASUI,0.5,6.9,7.8,4,390,97.5,56.41,-61.84214168,22,23.9
Jerry,BENGTSON,BENG,BENGHON,0.5,8,7.4,3,226,75.33,98.23,-20.02214168,22.2,30.2
Nabil,BENTALEB,BENT,BENTALG,1.1,10.7,14.4,3,270,90,127.04,8.78785832,34.3,31
Karim,BENZEMA,BENZ,BENZFRA,0.6,18.1,14.8,5,450,90,105.33,-12.92214168,47.4,29.1
Vasily,BEREZUTSKIY,BERE,BERERUS,1.5,11,11.6,3,270,90,117.78,-0.47214168,31.8,28.5
BERNARD,BERNARD,BERN,BERNBRA,0.9,7.5,6.9,3,156,52,121.79,3.53785832,19,31.8
Victor,BERNARDEZ,BERN,BERNHON,0.7,6.3,7.6,3,226,75.33,88.94,-29.31214168,20.1,28.7
Muhamed,BESIC,BESI,BESIBIH,2,13.4,13.3,3,270,90,129.26,11.00785832,34.9,31.2
Matt,BESLER,BESL,BESLUSA,1.1,11.3,15.5,4,346,86.5,109.54,-8.71214168,37.9,29.1
BETO,BETO,BETO,BETOPOR,0.7,3.7,3.9,2,179,89.5,62.57,-55.68214168,11.2,25.9
Ermin,BICAKCIC,BICA,BICABIH,0.8,3.9,4.4,1,90,90,121.11,2.85785832,10.9,29.2
Lucas,BIGLIA,BIGL,BIGLARG,1.1,14.9,18.9,7,349,49.86,128.08,9.82785832,44.7,27.4
Daley,BLIND,BLIN,BLINNED,1.3,27.5,28.2,7,670,95.71,112.99,-5.26214168,75.7,27.5
Jerome,BOATENG,BOAT,BOATGER,1.5,27.4,24.3,7,646,92.29,108.67,-9.58214168,70.2,31.1
Arthur,BOKA,BOKA,BOATGHA,1,9.3,8.4,3,255,85,96.08,-22.17214168,24.5,30
KIM,Bokyung,Boky,BO-KKOR,2.3,1.9,1.7,2,30,15,166.67,48.41785832,5,23.6
Christian,BOLANOS,BOLA,BOLACRC,0.6,14.2,17.1,5,413,82.6,111.38,-6.87214168,46,32.3
Mathis,BOLLY,BOLL,BOLLCIV,0.7,1.2,0.9,1,17,17,170.59,52.33785832,2.9,27.2
Leonardo,BONUCCI,BONU,BONUITA,1.3,3.1,2.9,1,90,90,102.22,-16.03214168,9.2,26.1
Wilfried,BONY,BONY,BONYCIV,0.4,6.6,4.9,3,167,55.67,101.8,-16.45214168,17,27
Celso,BORGES,BORG,BORGCRC,0.8,17.4,24.5,5,498,99.6,121.29,3.03785832,60.4,28.5
Madjid,BOUGUERRA,BOUG,BOUGALG,1,6.8,9.6,3,202,67.33,115.84,-2.41214168,23.4,29.1
John,BOYE,BOYE,BOYEGHA,0.8,9.4,11.4,3,270,90,108.52,-9.73214168,29.3,30.2
Oliver,BOZANIC,BOZA,BOZAAUS,0.8,5.5,6.3,2,111,55.5,138.74,20.48785832,15.4,24.1
Michael,BRADLEY,BRAD,BRADUSA,1.6,19,21.2,4,390,97.5,140.26,22.00785832,54.7,30.9
Yacine,BRAHIMI,BRAH,BRAHALG,1.1,8.7,9,3,190,63.33,129.47,11.21785832,24.6,30.2
Claudio,BRAVO,BRAV,BRAVCHI,0.8,8,6.8,4,390,97.5,60,-58.25214168,23.4,27.2
Randall,BRENES,BREN,BRENCRC,0.6,3.8,5,3,105,35,122.86,4.60785832,12.9,26.9
Mark,BRESCIANO,BRES,BRESAUS,1.2,6.5,8.1,3,147,49,131.97,13.71785832,19.4,22.3
John,BROOKS,BROO,BROOUSA,0.6,1.4,2,1,44,44,113.64,-4.61214168,5,26.9
Marcelo,BROZOVIC,BROZ,BROZCRO,1.1,1.6,1.5,1,29,29,151.72,33.46785832,4.4,28.3
Gianluigi,BUFFON,BUFF,BUFFITA,0.8,3.5,3,2,180,90,58.33,-59.92214168,10.5,22.5
Sergio,BUSQUETS,BUSQ,BUSQESP,1.8,8.6,6.7,2,180,90,114.44,-3.81214168,20.6,28.9
Yohan,CABAYE,CABA,CABAFRA,1.6,12.7,13.9,4,318,79.5,114.78,-3.47214168,36.5,28
Martin,CACERES,CACE,CACEURU,1.2,11.2,13.7,4,360,90,107.78,-10.47214168,38.8,30.9
Tim,CAHILL,CAHI,CAHIAUS,1.3,5.6,7.9,2,159,79.5,116.35,-1.90214168,18.5,25.4
Gary,CAHILL,CAHI,CAHIENG,0.6,10.7,10.3,3,270,90,110.74,-7.51214168,29.9,29.4
Felipe,CAICEDO,CAIC,CAICECU,0.5,5.2,4.9,3,153,51,96.73,-21.52214168,14.8,31.1
Geoff,CAMERON,CAME,CAMEUSA,1,11.4,13.3,3,300,100,118.67,0.41785832,35.6,27.6
Hugo,CAMPAGNARO,CAMP,CAMPARG,1.9,2,2,1,46,46,110.87,-7.38214168,5.1,23.3
Joel,CAMPBELL,CAMP,CAMPCRC,0.6,12.4,14,5,415,83,94.7,-23.55214168,39.3,31.1
Antonio,CANDREVA,CAND,CANDITA,0.8,6.7,5.2,2,136,68,113.24,-5.01214168,15.4,30
Carlos,CARBONERO,CARB,CARBCOL,0.9,2.1,2,1,44,44,125,6.74785832,5.5,27.4
Juan Car,PAREDES,PARE,PAREECU,1.6,5.7,4.5,2,134,67,103.73,-14.52214168,13.9,31.1
Carlos,CARMONA,CARM,CARMCHI,2.5,0.3,0.5,1,2,2,600,481.7478583,1.2,23.4
Iker,CASILLAS,CASI,CASIESP,0.5,2.2,2.3,2,180,90,34.44,-83.81214168,6.2,23.9
Antonio,CASSANO,CASS,CASSITA,0.9,2.8,1.9,2,63,31.5,103.17,-15.08214168,6.5,29.8
Edinson,CAVANI,CAVA,CAVAURU,0.6,12.1,15.3,4,360,90,118.61,0.35785832,42.7,31
Santi,CAZORLA,CAZO,CAZOESP,1.6,4.6,3.5,2,82,41,129.27,11.01785832,10.6,26.3
Alessio,CERCI,CERC,CERCITA,0.5,1.2,0.6,1,21,21,114.29,-3.96214168,2.4,24.6
JULIO,CESAR,CESA,CESABRA,0.5,8.2,7.2,7,660,94.29,39.85,-78.40214168,26.3,24.7
Nacer,CHADLI,CHAD,CHADBEL,1.1,5.4,4.5,4,100,25,137,18.74785832,13.7,31.6
Marvin,CHAVEZ,CHAV,CHAVHON,1.1,2.2,1.8,2,51,25.5,107.84,-10.41214168,5.5,28.5
Osman,CHAVEZ,CHAV,CHAVHON,1.1,0.9,2.4,1,44,44,102.27,-15.98214168,4.5,26.4
Aurelien,CHEDJOU,CHED,CHEDCMR,0.9,3.3,4.9,2,136,68,94.85,-23.40214168,12.9,28.7
Giorgio,CHIELLINI,CHIE,CHIEITA,1.8,11.5,10.8,3,270,90,113.7,-4.55214168,30.7,30.3
Jose,HOLEVAS,CHOL,HOLEGRE,0.9,13.1,14.4,4,390,97.5,105.9,-12.35214168,41.3,30.5
Eric,CHOUPO MOTING,CHOU,CHOUCMR,0.6,7.7,9.4,3,246,82,104.07,-14.18214168,25.6,28.1
Lazaros,CHRISTODOULOPOULOS,CHRI,CHRIGRE,0.7,8.1,6.9,2,210,105,104.29,-13.96214168,21.9,28.9
LEE,Chungyong,Chun,CHU-KOR,1,11,10.4,3,244,81.33,124.18,5.92785832,30.3,29.1
PARK,Chuyoung,Chuy,CHUNKOR,0.6,4.9,4.4,2,113,56.5,115.04,-3.21214168,13,24.9
Jasper,CILLESSEN,CILL,CILLNED,0.6,13.5,12.4,7,690,98.57,53.77,-64.48214168,37.1,22.3
Jorge,CLAROS,CLAR,CLARHON,1.5,8.4,9.3,3,212,70.67,112.74,-5.51214168,23.9,29.8
Jordy,CLASIE,CLAS,CLASNED,1.3,5.6,6.6,2,148,74,110.81,-7.44214168,16.4,24.1
Sebastian,COATES,COAT,COATURU,2.5,0.2,0.3,1,2,2,400,281.7478583,0.8,31.6
Fabio,COENTRAO,COEN,COENPOR,1.2,2.2,2.8,1,65,65,103.08,-15.17214168,6.7,32.2
Vedran,CORLUKA,CORL,CORLCRO,1,8.3,9.3,3,270,90,97.41,-20.84214168,26.3,28.3
Ricardo,COSTA,COST,COSTESP,1.3,4.6,5.8,2,134,67,105.22,-13.03214168,14.1,27.2
Diego,COSTA,COST,COSTHON,0.4,5.9,3.5,2,126,63,102.38,-15.87214168,12.9,25.4
Carlo,COSTLY,COST,COSTPOR,0.4,7.1,8.5,3,220,73.33,101.36,-16.89214168,22.3,30.3
Thibaut,COURTOIS,COUR,COURBEL,0.5,7.1,6.6,5,480,96,42.5,-75.75214168,20.4,19.3
Juan,CUADRADO,CUAD,CUADCOL,0.7,13.9,14.6,5,387,77.4,108.53,-9.72214168,42,31.6
Jose,CUBERO,CUBE,CUBECRC,0.6,3.7,7.3,4,115,28.75,139.13,20.87785832,16,27.6
DANTE,DANTE,DANT,DANTBRA,1.6,3.4,4.1,1,90,90,105.56,-12.69214168,9.5,25.2
Matteo,DARMIAN,DARM,DARMITA,1,12.7,11.3,3,270,90,118.89,0.63785832,32.1,29.1
Fatawu,DAUDA,DAUD,DAUDGHA,0.5,2.5,3.3,2,180,90,46.67,-71.58214168,8.4,23.9
Brad,DAVIS,DAVI,DAVIAUS,1.1,2.4,3.5,1,59,59,130.51,12.25785832,7.7,28.3
Jason,DAVIDSON,DAVI,DAVIUSA,0.8,10.6,14.7,3,270,90,121.48,3.22785832,32.8,30.9
Kevin,DE BRUYNE,DE B,DE BBEL,1.1,18.5,17,4,390,97.5,128.97,10.71785832,50.3,31
Jonathan,DE GUZMAN,DE G,DE GNED,0.8,9.9,11.2,3,230,76.67,123.91,5.65785832,28.5,28.7
Nigel,DE JONG,DE J,DE JNED,1,12.8,15,5,341,68.2,113.49,-4.76214168,38.7,28.5
Daniele,DE ROSSI,DE R,DE RITA,2.9,8.1,7.7,2,180,90,115.56,-2.69214168,20.8,25.2
Mattia,DE SCIGLIO,DE S,DE SITA,0.9,3.9,3.2,1,90,90,116.67,-1.58214168,10.5,26.9
Stefan,DE VRIJ,DE V,DE VNED,1.3,23.9,27.6,7,677,96.71,105.61,-12.64214168,71.5,28.5
Mathieu,DEBUCHY,DEBU,DEBUFRA,1.2,14.3,14.5,4,360,90,110.83,-7.42214168,39.9,29.4
Steven,DEFOUR,DEFO,DEFOBEL,1.3,2,1.7,1,45,45,117.78,-0.47214168,5.3,26.5
Ashkan,DEJAGAH,DEJA,DEJAIRN,0.4,6.3,11.3,3,226,75.33,112.39,-5.86214168,25.4,30.9
Moussa,DEMBELE,DEMB,DEMBBEL,1.3,7,6.1,2,155,77.5,116.77,-1.48214168,18.1,29.4
Martin,DEMICHELIS,DEMI,DEMIARG,1.1,9.4,12.8,3,330,110,94.85,-23.40214168,31.3,28.9
Clint,DEMPSEY,DEMP,DEMPUSA,0.7,15.3,16.1,4,387,96.75,117.31,-0.94214168,45.4,28.8
Igor,DENISOV,DENI,DENIRUS,2.3,3.2,2.9,2,62,31,135.48,17.22785832,8.4,23.9
Memphis,DEPAY,DEPA,DEPANED,0.8,8.1,5.7,4,173,43.25,113.29,-4.96214168,19.6,30.7
Angel,DI MARIA,DI M,DI MARG,1.2,19.6,13.8,5,423,84.6,108.27,-9.98214168,45.8,33
Marcelo,DIAZ,DIAZ,DIAZCHI,1.3,20.2,17.7,4,390,97.5,133.85,15.59785832,52.2,28
Junior,DIAZ,DIAZ,DIAZCRC,0.8,15.4,22.7,5,510,102,110.2,-8.05214168,56.2,33.8
Lucas,DIGNE,DIGN,DIGNFRA,1.6,4.9,3.4,1,90,90,124.44,6.18785832,11.2,29.4
Ismael,DIOMANDE,DIOM,DIOMCIV,0.4,0.4,0.5,1,12,12,133.33,15.07785832,1.6,26.8
Abdelmoumene,DJABOU,DJAB,DJABALG,0.6,6.8,6.9,3,170,56.67,110,-8.25214168,18.7,28.1
Constant,DJAKPA,DJAK,DJAKCIV,1.5,0.7,0.7,1,15,15,133.33,15.07785832,2,24.3
Cedric,DJEUGOUE,DJEU,DJEUCMR,0.5,1.1,2.1,1,46,46,108.7,-9.55214168,5,28.1
Johan,DJOUROU,DJOU,DJOUSUI,1,12.2,15.1,4,390,97.5,98.72,-19.53214168,38.5,29.8
Alexander,DOMINGUEZ,DOMI,DOMIECU,0.5,2.6,3.3,3,270,90,35.56,-82.69214168,9.6,21
JI,Dongwon,Dong,DONGKOR,1.1,2.1,1.4,2,29,14.5,168.97,50.71785832,4.9,28.5
Giovani,DOS SANTOS,DOS,DOSMEX,0.7,11.3,10.6,4,297,74.25,105.72,-12.53214168,31.4,32.5
Julian,DRAXLER,DRAX,DRAXGER,1.6,1.1,0.6,1,14,14,164.29,46.03785832,2.3,27.7
Josip,DRMIC,DRMI,DRMISUI,0.3,10,10.2,4,251,62.75,115.94,-2.31214168,29.1,31.2
Didier,DROGBA,DROG,DROGCIV,0.4,5.3,4.1,3,136,45.33,106.62,-11.63214168,14.5,30.2
Oscar,DUARTE,DUAR,DUARCRC,1.1,10.4,14.3,4,336,84,110.71,-7.54214168,37.2,29.1
Alan,DZAGOEV,DZAG,DZAGRUS,1.1,3.8,3,3,61,20.33,155.74,37.48785832,9.5,27.2
Edin,DZEKO,DZEK,DZEKBIH,0.5,11.8,9.1,3,264,88,106.82,-11.43214168,28.2,29.4
Blerim,DZEMAILI,DZEM,DZEMSUI,2,2.6,2.1,3,54,18,129.63,11.37785832,7,28.3
EDER,EDER,EDER,EDERPOR,0.7,8.7,7.8,3,205,68.33,111.71,-6.54214168,22.9,31.4
EDUARDO,EDUARDO,EDUA,EDUACRO,1,0.1,0.1,1,1,1,400,281.7478583,0.4,12.7
EDUARDO,EDUARDO,EDUA,EDUAPOR,2.5,1.1,0.7,1,21,21,133.33,15.07785832,2.8,29.1
Emmanuel,EMENIKE,EMEN,EMENNGA,0.5,14.3,12.6,4,360,90,106.94,-11.31214168,38.5,30.9
Yasuhito,ENDO,ENDO,ENDOJPN,2.4,3.5,3,2,80,40,117.5,-0.75214168,9.4,29.1
Eyong,ENOH,ENOH,ENOHCMR,0.7,9.4,12.5,3,270,90,117.78,-0.47214168,31.8,28.3
Vincent,ENYEAMA,ENYE,ENYENGA,0.5,3.7,4.8,4,360,90,35.28,-82.97214168,12.7,20.3
Frickson,ERAZO,ERAZ,ERAZECU,0.6,8,10.9,3,270,90,100.37,-17.88214168,27.1,27.2
Andrey,ESHCHENKO,ESHC,ESHCRUS,1.6,5.3,5.7,2,118,59,125.42,7.16785832,14.8,29.2
Roger,ESPINOZA,ESPI,ESPIHON,0.9,8.2,10.4,3,226,75.33,113.72,-4.53214168,25.7,27.9
Michael,ESSIEN,ESSI,ESSIGHA,2.1,1.1,0.8,1,19,19,142.11,23.85785832,2.7,26.3
Samuel,ETOO,ETOO,ETOOCMR,0.4,2.4,2.5,1,90,90,83.33,-34.92214168,7.5,28.8
Patrice,EVRA,EVRA,EVRAFRA,1.1,12.6,12.9,4,360,90,100.83,-17.42214168,36.3,29.2
Marco,FABIAN,FABI,FABIMEX,1.4,2.1,2.3,3,41,13.67,153.66,35.40785832,6.3,31.8
Cesc,FABREGAS,FABR,FABRESP,2.7,2.5,1.7,2,34,17,158.82,40.56785832,5.4,29.8
Victor,FAYZULIN,FAYZ,FAYZRUS,1.3,13.5,13.3,3,270,90,132.59,14.33785832,35.8,29.1
Sofiane,FEGHOULI,FEGH,FEGHALG,0.5,13.4,18.3,4,390,97.5,116.15,-2.10214168,45.3,31.1
Marouane,FELLAINI,FELL,FELLBEL,0.9,18.9,19.5,5,415,83,133.49,15.23785832,55.4,30.3
Leroy,FER,FER,FERNED,1,0.5,0.8,1,15,15,133.33,15.07785832,2,22
Gelson,FERNANDES,FERN,FERNSUI,0.8,2.4,3.3,1,54,54,150,31.74785832,8.1,28.5
FERNANDINHO,FERNANDINHO,FERN,FERNBRA,1.3,11.6,12,5,296,59.2,117.57,-0.68214168,34.8,30.5
Federico,FERNANDEZ,FERN,FERNARG,1.1,16,12.9,4,390,97.5,105.64,-12.61214168,41.2,28.7
Ioannis,FETFATZIDIS,FETF,FETFGRE,0.7,2.8,3.7,2,74,37,121.62,3.36785832,9,29.1
Maynor,FIGUEROA,FIGU,FIGUHON,1.2,8.2,10.6,3,270,90,97.41,-20.84214168,26.3,31.6
Diego,FORLAN,FORL,FORLURU,0.7,4,4.6,2,113,56.5,115.93,-2.32214168,13.1,27.4
Ben,FOSTER,FOST,FOSTENG,0.7,1.5,1.4,1,90,90,46.67,-71.58214168,4.2,21.1
Ivan,FRANJIC,FRAN,FRANAUS,0.9,1.4,3.1,1,49,49,118.37,0.11785832,5.8,26.1
FRED,FRED,FRED,FREDBRA,0.4,17.3,13.8,6,471,78.5,100.21,-18.04214168,47.2,27.8
Jorge,FUCILE,FUCI,FUCIURU,0.2,0.4,0.6,1,11,11,154.55,36.29785832,1.7,24.6
Ruben,GABRIEL,GABR,GABRNGA,1.4,1.3,1.4,1,31,31,125.81,7.55785832,3.9,23.1
Fernando,GAGO,GAGO,GAGOARG,2.2,18.3,14.1,6,373,62.17,119.03,0.77785832,44.4,30.3
Cristian,GAMBOA,GAMB,GAMBCRC,0.7,13.9,18.8,5,426,85.2,110.33,-7.92214168,47,31.2
Ezequiel,GARAY,GARA,GARAARG,1.2,26.2,27.6,7,720,102.86,105.69,-12.56214168,76.1,31.4
Boniek,GARCIA,GARC,GARCHON,0.9,7.6,8,3,204,68,104.9,-13.35214168,21.4,29
Walter,GARGANO,GARG,GARGURU,1.5,2.1,2.2,1,60,60,111.67,-6.58214168,6.7,26.7
Luis,GARRIDO,GARR,GARRHON,0.9,5.3,9.6,2,161,80.5,124.84,6.58785832,20.1,29.4
Theofanis,GEKAS,GEKA,GEKAGRE,0.3,7.2,6,4,182,45.5,109.34,-8.91214168,19.9,28.3
Steven,GERRARD,GERR,GERRENG,1.5,9.1,8.7,3,197,65.67,121.83,3.57785832,24,27.8
GERVINHO,GERVINHO,GERV,GERVCIV,0.7,10.3,7.8,3,263,87.67,99.24,-19.01214168,26.1,32.3
Nabil,GHILAS,GHIL,GHILALG,0.7,1.3,2.2,3,36,12,155.56,37.30785832,5.6,29.4
Reza,GHOOCHANNEJAD,GHOO,GHOOIRN,0.4,7.9,13.9,3,270,90,118.52,0.26785832,32,30.1
Faouzi,GHOULAM,GHOU,GHOUALG,1,5.6,9.9,2,210,105,103.33,-14.92214168,21.7,30.5
Jose,GIMENEZ,GIME,GIMEURU,0.6,6.9,10.4,3,270,90,101.11,-17.14214168,27.3,31.1
Olivier,GIROUD,GIRO,GIROFRA,0.6,7.5,6.8,5,165,33,123.64,5.38785832,20.4,28.9
Denis,GLUSHAKOV,GLUS,GLUSRUS,0.8,9.1,9.9,3,208,69.33,124.04,5.78785832,25.8,29.2
Panagiotis,GLYKOS,GLYK,GLYKGRE,0.6,1.1,1,1,66,66,56.06,-62.19214168,3.7,23.2
Diego,GODIN,GODI,GODIURU,0.7,9.4,12.9,4,360,90,100.56,-17.69214168,36.2,30.9
Mario,GOETZE,GOET,GOETGER,1.1,16.3,11.8,6,258,43,140.7,22.44785832,36.3,29.2
Alvaro,GONZALEZ,GONZ,GONZURU,0.7,9.5,12.5,4,266,66.5,120.68,2.42785832,32.1,29.4
Omar,GONZALEZ,GONZ,GONZUSA,1.1,7.6,10.4,3,211,70.33,116.59,-1.66214168,24.6,26.8
Giancarlo,GONZALEZ,GONZ,GONZCRC,0.8,13.9,22.9,5,510,102,106.67,-11.58214168,54.4,30.5
Max,GRADEL,GRAD,GRADCIV,0.6,3.1,2.6,1,67,67,114.93,-3.32214168,7.7,28
Julian,GREEN,GREE,GREEUSA,1.6,1,0.6,1,13,13,161.54,43.28785832,2.1,24.1
Antoine,GRIEZMANN,GRIE,GRIEFRA,0.8,15.1,10.8,5,295,59,120.68,2.42785832,35.6,29.4
Carlos,GRUEZO,GRUE,GRUEECU,0.6,3.4,5,2,97,48.5,120.62,2.36785832,11.7,25.9
Jorge,GUAGUA,GUAG,GUAGECU,0.5,7.4,10.2,3,270,90,93.33,-24.92214168,25.2,27.8
Andres,GUARDADO,GUAR,GUARCOL,0.8,13.9,15.1,4,333,83.25,124.62,6.36785832,41.5,30.9
Fredy,GUARIN,GUAR,GUARMEX,0.8,6.7,8,3,189,63,117.99,-0.26214168,22.3,29.1
LUIZ,GUSTAVO,GUST,GUSTBRA,1.3,22.4,22.9,6,526,87.67,119.58,1.32785832,62.9,31.4
Felipe,GUTIERREZ,GUTI,GUTICHI,1,9.5,7.8,4,165,41.25,152.73,34.47785832,25.2,27.2
Teofilo,GUTIERREZ,GUTI,GUTICOL,0.5,10.7,10.1,4,304,76,105.92,-12.33214168,32.2,30.7
Asamoah,GYAN,GYAN,GYANGHA,0.3,10.3,9.1,3,270,90,104.44,-13.81214168,28.2,32.3
Anel,HADZIC,HADZ,HADZBIH,1.2,3.8,2,1,61,61,129.51,11.25785832,7.9,29.1
Reza,HAGHIGHI,HAGH,HAGHIRN1,0.3,0.2,0.5,1,2,2,450,331.7478583,0.9,20.1
Alireza,HAGHIGHI,HAGH,HAGHIRN2,2.5,3,4.8,3,270,90,47.04,-71.21214168,12.7,20.6
Ehsan,HAJSAFI,HAJS,HAJSIRN,0.5,6.9,13.3,3,241,80.33,118.26,0.00785832,28.5,28.9
Izet,HAJROVIC,HAJR,HAJRBIH,0.8,5.8,5.4,2,128,64,110.16,-8.09214168,14.1,28.3
Ben,HALLORAN,HALL,HALLALG,0.8,4.5,4.6,3,87,29,137.93,19.67785832,12,28.7
Rafik,HALLICHE,HALL,HALLAUS,0.5,11.3,16.6,4,367,91.75,109.26,-8.99214168,40.1,27
Joe,HART,HART,HARTENG,0.6,2.8,2.8,2,180,90,45,-73.25214168,8.1,24.1
Makoto,HASEBE,HASE,HASEJPN,1.6,8.4,7.6,3,190,63.33,116.32,-1.93214168,22.1,26.9
Eden,HAZARD,HAZA,HAZABEL,0.9,16.8,13.2,5,368,73.6,114.4,-3.85214168,42.1,28.1
Jordan,HENDERSON,HEND,HENDENG,1.6,6.9,6.7,2,160,80,113.13,-5.12214168,18.1,27.4
HENRIQUE,HENRIQUE,HENR,HENRBRA,2.5,0.1,0.4,1,2,2,450,331.7478583,0.9,19.7
Javier,HERNANDEZ,HERN,HERNMEX,2.1,3.3,3.1,4,75,18.75,137.33,19.07785832,10.3,30.9
HERNANES,HERNANES,HERN,HERNBRA,0.5,2.9,2.7,3,64,21.33,135.94,17.68785832,8.7,29.7
Abel,HERNANDEZ,HERN,HERNURU,0.4,1.4,0.9,2,37,18.5,124.32,6.06785832,4.6,27.9
Xavi,HERNANDEZ,HERN,HERNESP,0.9,4.7,3.6,1,90,90,123.33,5.07785832,11.1,23.1
Hector,HERRERA,HERR,HERRMEX,1.2,14.9,15.5,4,346,86.5,127.75,9.49785832,44.2,29.6
SON,HEUNGMIN,HEUN,HEUNKOR,0.6,10.1,9.6,3,247,82.33,112.55,-5.70214168,27.8,28.5
Khosro,HEYDARI,HEYD,HEYDIRN,0.6,5.5,8.4,3,147,49,133.33,15.07785832,19.6,30.3
Gonzalo,HIGUAIN,HIGU,HIGUARG,0.5,25.1,19.2,7,571,81.57,111.38,-6.87214168,63.6,33.1
Benedikt,HOEWEDES,HOEW,HOEWGER,1.1,32.1,27.2,7,690,98.57,116.52,-1.73214168,80.4,30.5
Keisuke,HONDA,HOND,HONDJPN,1.2,11.8,10.3,3,270,90,115.19,-3.06214168,31.1,30.3
Jalal,HOSSEINI,HOSS,HOSSIRN,0.3,6.3,12.5,3,270,90,102.22,-16.03214168,27.6,30.2
Tim,HOWARD,HOWA,HOWAUSA,0.9,5.1,6.9,4,390,97.5,47.69,-70.56214168,18.6,25.7
HULK,HULK,HULK,HULKBRA,0.5,15.3,13.2,6,397,66.17,103.78,-14.47214168,41.2,30.3
Mats,HUMMELS,HUMM,HUMMGER,1.4,21.1,20.1,6,509,84.83,109.43,-8.82214168,55.7,32.3
Alex,IBARRA,IBAR,IBARCOL,0.5,0.9,1.5,1,27,27,133.33,15.07785832,3.6,27.1
Victor,IBARBO,IBAR,IBARECU,0.4,6.6,7.7,3,189,63,108.47,-9.78214168,20.5,32.5
Vedad,IBISEVIC,IBIS,IBISBIH,0.5,7.7,5,3,144,48,126.39,8.13785832,18.2,26.7
Sergey,IGNASHEVICH,IGNA,IGNARUS,1.4,10.6,11.2,3,270,90,112.22,-6.03214168,30.3,28
Ciro,IMMOBILE,IMMO,IMMOITA,0.4,4.1,3.4,2,88,44,125,6.74785832,11,29.4
Andres,INIESTA,INIE,INIEESP,1.8,13.3,9.6,3,270,90,112.96,-5.29214168,30.5,25.6
Gokhan,INLER,INLE,INLESUI,1.4,15.9,18.1,4,390,97.5,120.77,2.51785832,47.1,28.5
Lorenzo,INSIGNE,INSI,INSIITA,1,2.2,1.2,1,33,33,139.39,21.13785832,4.6,25.6
Mauricio,ISLA,ISLA,ISLACHI,1.3,16.3,15.3,4,390,97.5,113.85,-4.40214168,44.4,28.7
Charles,ITANDJE,ITAN,ITANCMR,0.5,2.7,3.8,3,270,90,39.63,-78.62214168,10.7,21.6
Emilio,IZAGUIRRE,IZAG,IZAGHON,0.8,3.6,6.5,2,136,68,102.21,-16.04214168,13.9,29.1
KOO,JACHEOL,JACH,JA-CKOR,0.9,12.7,11.7,3,270,90,128.52,10.26785832,34.7,28
Phil,JAGIELKA,JAGI,JAGIENG,1.3,6.5,6.7,2,180,90,101.11,-17.14214168,18.2,29.2
Alireza,JAHAN BAKHSH,JAHA,JAHAIRN,0.7,2,2.9,3,49,16.33,148.98,30.72785832,7.3,30
Klaas Jan,HUNTELAAR,HUNT,HUNTNED,0.9,2.9,2,3,52,17.33,142.31,24.05785832,7.4,27.2
Daryl,JANMAAT,JANM,JANMNED,1.1,15.9,17.1,5,364,72.8,123.08,4.82785832,44.8,30
Adnan,JANUZAJ,JANU,JANUBEL,0.6,2.1,2.4,1,60,60,110,-8.25214168,6.6,31.1
Gonzalo,JARA,JARA,JARACHI,1.4,15.4,14.4,4,390,97.5,112.05,-6.20214168,43.7,31.2
Mile,JEDINAK,JEDI,JEDIAUS,1.2,11.1,15.5,3,270,90,131.11,12.85785832,35.4,29.1
Nikica,JELAVIC,JELA,JELACRO,0.3,3.5,4.4,2,94,47,122.34,4.08785832,11.5,27.4
HONG,Jeongho,JEON,JEONKOR,1.2,8.6,9.3,3,253,84.33,103.16,-15.09214168,26.1,31.8
Raul,JIMENEZ,JIME,JIMEMEX,0,0.3,0.4,1,6,6,183.33,65.07785832,1.1,23.8
JO,JO,JO,JOBRA,0.6,7.3,5.9,3,168,56,113.69,-4.56214168,19.1,30.9
Aron,JOHANNSSON,JOHA,JOHAUSA,0.5,2.6,3.5,1,67,67,135.82,17.56785832,9.1,26.5
Fabian,JOHNSON,JOHN,JOHNUSA,0.8,10.6,15,4,302,75.5,115.56,-2.69214168,34.9,33
Glen,JOHNSON,JOHN,JOHNENG,1.7,8,7.3,2,180,90,114.44,-3.81214168,20.6,29.4
Jermaine,JONES,JONE,JONEUSA,0.7,15.1,18.9,4,390,97.5,122.05,3.79785832,47.6,31.6
Phil,JONES,JONE,JONEENG,1.1,3.4,3.2,1,90,90,106.67,-11.58214168,9.6,26.7
JUANFRAN,JUANFRAN,JUAN,JUANESP,1.5,4.8,3.4,1,90,90,117.78,-0.47214168,10.6,29.6
Shinji,KAGAWA,KAGA,KAGAJPN,1.2,9.6,8.2,3,204,68,120.59,2.33785832,24.6,28.5
Yoichiro,KAKITANI,KAKI,KAKIJPN,0.5,1.5,1.1,2,25,12.5,140,21.74785832,3.5,28.3
Salomon,KALOU,KALO,KALOCIV,0.6,9.1,6.6,3,203,67.67,111.82,-6.43214168,22.7,29.8
Maksim,KANUNNIKOV,KANU,KANURUS,0.6,4.9,4.7,2,99,49.5,132.32,14.06785832,13.1,31.1
Georgios,KARAGOUNIS,KARA,KARAGRE,1.2,9.5,11.2,4,259,64.75,119.69,1.43785832,31,24.9
Orestis,KARNEZIS,KARN,KARNGRE,0.4,6,5,4,324,81,57.72,-60.53214168,18.7,21.8
Konstantinos,KATSOURANIS,KATS,KATSGRE,1.5,7,6.9,3,170,56.67,118.24,-0.01214168,20.1,30
Eiji,KAWASHIMA,KAWA,KAWAJPN,0.6,3.3,3.9,3,270,90,40,-78.25214168,10.8,20.5
Aleksandr,KERZHAKOV,KERZ,KERZRUS,0.2,4.5,4.2,3,101,33.67,118.81,0.55785832,12,29.6
LEE,Keunho,Keun,KEUNKOR,0.7,5.7,4.7,3,104,34.67,144.23,25.97785832,15,28.1
Sami,KHEDIRA,KHED,KHEDGER,1.4,18.6,17.2,5,376,75.2,126.06,7.80785832,47.4,29.8
Hiroshi,KIYOTAKE,KIYO,KIYOJPN,2.5,0.6,0.5,1,5,5,260,141.7478583,1.3,22.4
Miroslav,KLOSE,KLOS,KLOSGER,0.4,12.3,9.8,5,280,56,109.29,-8.96214168,30.6,29
KOKE,KOKE,KOKE,KOKEESP,2.4,8.2,6.5,2,134,67,141.79,23.53785832,19,29.2
Alexander,KOKORIN,KOKO,KOKORUS,0.5,13.3,12.7,3,270,90,130.74,12.48785832,35.3,29
Sead,KOLASINAC,KOLA,KOLABIH,1.3,8,7.7,2,180,90,117.22,-1.03214168,21.1,31.1
Dmitry,KOMBAROV,KOMB,KOMBRUS,1.1,11.9,11.8,3,270,90,121.48,3.22785832,32.8,30.2
Vincent,KOMPANY,KOMP,KOMPBEL,1.3,14.5,15.6,4,390,97.5,110,-8.25214168,42.9,28.7
Panagiotis,KONE,KONE,KONEGRE,0.5,6.6,7.3,3,171,57,118.13,-0.12214168,20.2,30.3
Terence,KONGOLO,KONG,KONGNED,0,0.1,0.2,1,1,1,600,481.7478583,0.6,27.2
Yasuyuki,KONNO,KONN,KONNJPN,1.8,7,5.7,2,180,90,103.33,-14.92214168,18.6,28.5
HAN,Kookyoung,Kook,KOOKKOR,1.1,9.2,9.8,3,214,71.33,126.17,7.91785832,27,26.9
Laurent,KOSCIELNY,KOSC,KOSCFRA,1,7.2,8.2,4,222,55.5,102.7,-15.55214168,22.8,30.3
Mateo,KOVACIC,KOVA,KOVACRO,1.1,4.6,5.3,3,111,37,126.13,7.87785832,14,29
Aleksei,KOZLOV,KOZL,KOZLRUS,1,7,7.2,2,152,76,122.37,4.11785832,18.6,29.4
Christoph,KRAMER,KRAM,KRAMGER,1.1,2.9,2.2,3,43,14.33,151.16,32.90785832,6.5,28.7
Toni,KROOS,KROO,KROOGER,2,34.3,28,7,690,98.57,119.71,1.45785832,82.6,29.8
Tim,KRUL,KRUL,KRULNED,0,0,0,1,1,1,100,-18.25214168,0.1,17.7
Dirk,KUYT,KUYT,KUYTNED,1.2,20.7,20.4,5,509,101.8,115.72,-2.53214168,58.9,29.9
Adam,KWARASEY,KWAR,KWARGHA,0.6,1.5,1.2,1,90,90,48.89,-69.36214168,4.4,16.9
Medhi,LACEN,LACE,LACEALG,0.9,4.3,8.2,3,152,50.67,118.42,0.16785832,18,26.6
Philipp,LAHM,LAHM,LAHMGER,2.1,34.6,27.2,7,690,98.57,117.39,-0.86214168,81,28.7
Adam,LALLANA,LALL,LALLENG,0.9,5,3.8,3,91,30.33,135.16,16.90785832,12.3,31.2
Rickie,LAMBERT,LAMB,LAMBENG,0,0.3,0.2,1,3,3,266.67,148.4178583,0.8,16.9
Frank,LAMPARD,LAMP,LAMPENG,1.8,4.2,3.6,1,90,90,121.11,2.85785832,10.9,23.5
Michael,LANG,LANG,LANGAUS,0.8,0.7,1,1,13,13,161.54,43.28785832,2.1,25
Ezequiel,LAVEZZI,LAVE,LAVEARG,0.7,17.6,14.8,6,358,59.67,122.35,4.09785832,43.8,31.6
Miguel,LAYUN,LAYU,LAYUMEX,0.7,13.5,15.4,4,360,90,115.28,-2.97214168,41.5,29.8
Mathew,LECKIE,LECK,LECKAUS,0.7,10.2,14.3,3,270,90,121.48,3.22785832,32.8,31.4
Jeremain,LENS,LENS,LENSNED,0.5,5.1,4.7,4,127,31.75,114.96,-3.29214168,14.6,30.3
Stephan,LICHTSTEINER,LICH,LICHSUI,1.1,16,17.7,4,390,97.5,118.21,-0.04214168,46.1,29.8
Hugo,LLORIS,LLOR,LLORFRA,0.6,8.2,7.6,5,450,90,51.78,-66.47214168,23.3,25.3
Nicolas,LODEIRO,LODE,LODEURU,1,6,7.7,3,143,47.67,142.66,24.40785832,20.4,26.7
Nicolas,LOMBAERTS,LOMB,LOMBBEL,0.8,3.2,3.8,1,90,90,112.22,-6.03214168,10.1,25.4
Dejan,LOVREN,LOVR,LOVRCRO,0.9,8.7,9.3,3,270,90,101.48,-16.77214168,27.4,31.8
Diego,LUGANO,LUGA,LUGAURU,1,2.6,2.6,1,90,90,100,-18.25214168,9,22.7
DAVID,LUIZ,LUIZ,LUIZBRA,1.2,21.8,21.5,7,660,94.29,95.76,-22.49214168,63.2,29.1
Romelu,LUKAKU,LUKA,LUKABEL,0.4,7.1,5.6,4,175,43.75,107.43,-10.82214168,18.8,28.7
Senad,LULIC,LULI,LULIBIH,0.9,6.1,6.9,2,148,74,112.84,-5.41214168,16.7,29.4
Riyad,MAHREZ,MAHR,MAHRALG,0.4,2.1,4.2,1,71,71,122.54,4.28785832,8.7,23.9
MAICON,MAICON,MAIC,MAICBRA,1.2,10.8,10.3,3,270,90,110.37,-7.88214168,29.8,30.5
Jean,MAKOUN,MAKO,MAKOCMR,1.7,0.3,0.4,1,9,9,122.22,3.96785832,1.1,21
Aissa,MANDI,MAND,MANDALG,0.8,9.4,13.7,3,300,100,108,-10.25214168,32.4,27.8
Mario,MANDZUKIC,MAND,MANDCRO,0.4,6.3,5.7,2,180,90,107.22,-11.03214168,19.3,30.2
Ioannis,MANIATIS,MANI,MANIGRE,1.1,11.9,15.5,4,348,87,113.22,-5.03214168,39.4,30.2
Konstantinos,MANOLAS,MANO,MANOGRE,0.7,10.2,12.9,4,390,97.5,91.54,-26.71214168,35.7,30.5
Claudio,MARCHISIO,MARC,MARCITA,1.3,10.7,8.8,3,218,72.67,119.27,1.01785832,26,27.4
MARCELO,MARCELO,MARC,MARCBRA,1,21.3,20.7,6,570,95,104.74,-13.51214168,59.7,30.5
Jose Maria,BASANTA,BASA,BASAARG,1.1,4.5,4,2,104,52,125,6.74785832,13,32.7
Rafael,MARQUEZ,MARQ,MARQMEX,1.3,11.5,13.5,4,360,90,103.89,-14.36214168,37.4,28.9
Jackson,MARTINEZ,MART,MARTCOL,0.5,8.3,7.1,3,194,64.67,117.53,-0.72214168,22.8,29.6
Mario,MARTINEZ,MART,MARTHON,1.5,0.9,0.6,1,19,19,115.79,-2.46214168,2.2,25.2
Bruno,MARTINS INDI,MART,MARTNED,1.5,17.4,19.7,6,458,76.33,110.04,-8.21214168,50.4,30.3
Javi,MARTINEZ,MART,MARTESP,1.3,4,2.8,1,90,90,105.56,-12.69214168,9.5,31.6
Javier,MASCHERANO,MASC,MASCARG,1.9,29.5,30.7,7,720,102.86,112.78,-5.47214168,81.2,30.3
Juan,MATA,MATA,MATAESP,2.3,2.1,1.3,1,34,34,132.35,14.09785832,4.5,31.1
Joel,MATIP,MATI,MATICMR,0.6,5.1,6.7,2,180,90,100,-18.25214168,18,30.9
Blaise,MATUIDI,MATU,MATUFRA,1.3,18.8,17.5,5,427,85.4,117.33,-0.92214168,50.1,31.2
Antonio,MAVUBA,MAVU,MAVUFRA,2.6,1.5,1,1,25,25,132,13.74785832,3.3,23.6
MAXWELL,MAXWELL,MAXW,MAXWBRA,1.2,4,3.2,1,90,90,113.33,-4.92214168,10.2,30
Stephane,MBIA,MBIA,MBIACMR,1.1,8.9,12,3,270,90,116.67,-1.58214168,31.5,29.8
Rais,MBOLHI,MBOL,M'BOALG,0.4,3.5,4.9,4,390,97.5,31.79,-86.46214168,12.4,22
Ryan,McGOWAN,McGO,MCGOAUS,1,7.7,10.8,3,221,73.67,110.41,-7.84214168,24.4,27.8
Matt,McKAY,McKA,MCKAAUS,1.2,9.1,10.9,2,180,90,144.44,26.18785832,26,30.7
Gary,MEDEL,MEDE,MEDECHI,1.9,13.8,13.2,4,378,94.5,103.97,-14.28214168,39.3,28.9
Carl,MEDJANI,MEDJ,MEDJALG,0.6,9.5,14.1,3,264,88,123.48,5.22785832,32.6,27.2
Haris,MEDUNJANIN,MEDU,MEDUBIH,2.7,4.2,3.7,2,80,40,123.75,5.49785832,9.9,26.3
Admir,MEHMEDI,MEHM,MEHMSUI,0.9,13.4,15.5,4,337,84.25,119.58,1.32785832,40.3,31.6
Raul,MEIRELES,MEIR,MEIRPOR,1.3,6.5,7.7,2,159,79.5,118.24,-0.01214168,18.8,29.6
Alexander,MEJIA,MEJI,MEJICOL,0.7,4.8,6.7,4,144,36,113.19,-5.06214168,16.3,29.4
Eugenio,MENA,MENA,MENACHI,1,16.7,16,4,390,97.5,117.69,-0.56214168,45.9,30.6
Edison,MENDEZ,MEND,MENDECU,1.3,0.4,0.5,1,8,8,175,56.74785832,1.4,20.5
Jonathan,MENSAH,MENS,MENSGHA,1.1,9.7,11.2,3,270,90,110,-8.25214168,29.7,28.5
Dries,MERTENS,MERT,MERTBEL,0.6,11,9.5,5,269,53.8,112.27,-5.98214168,30.2,29.8
Per,MERTESACKER,MERT,MERTGER,1.9,17,14.7,6,435,72.5,102.53,-15.72214168,44.6,28.1
Djamel,MESBAH,MESB,MESBALG,1.3,7.2,8.3,2,180,90,118.33,0.07785832,21.3,31.8
Lionel,MESSI,MESS,MESSARG,0.9,26,18.8,7,693,99,90.48,-27.77214168,62.7,30.3
Mark,MILLIGAN,MILL,MILLAUS,0.8,3,5.6,1,90,90,125.56,7.30785832,11.3,26.7
Roy,MILLER,MILL,MILLCRC,0.8,2.8,3.9,1,90,90,107.78,-10.47214168,9.7,28.5
James,MILNER,MILN,MILNENG,0.7,3.3,2.9,1,76,76,115.79,-2.46214168,8.8,28
Oswaldo,MINDA,MIND,MINDECU,0.9,6.3,8.5,2,173,86.5,119.08,0.82785832,20.6,26.1
Kevin,MIRALLAS,MIRA,MIRABEL,0.6,9.9,9.6,4,223,55.75,124.66,6.40785832,27.8,29.4
Zvjezdan,MISIMOVIC,MISI,MISIBIH,1,7.7,7.1,2,164,82,115.85,-2.40214168,19,25.6
Konstantinos,MITROGLOU,MITR,MITRGRE,0.4,4.8,4.4,3,123,41,108.94,-9.31214168,13.4,28.8
Luka,MODRIC,MODR,MODRCRO,1.3,9.9,10,3,270,90,107.04,-11.21214168,28.9,27.9
Faryd,MONDRAGON,MOND,MONDCOL,0.5,0.1,0.1,1,5,5,80,-38.25214168,0.4,15
Pejman,MONTAZERI,MONT,MONTIRN,0.8,7.3,13.7,3,270,90,111.85,-6.40214168,30.2,31.2
Jefferson,MONTERO,MONT,MONTECU,0.6,7.8,8.4,3,230,76.67,101.74,-16.51214168,23.4,30.9
Hector,MORENO,MORE,MOREMEX,1.1,10.2,11.8,4,316,79,102.22,-16.03214168,32.3,29.4
Masato,MORISHIGE,MORI,MORIJPN,0.8,2.7,4.1,1,90,90,105.56,-12.69214168,9.5,26.3
Victor,MOSES,MOSE,MOSENGA,0.5,6.4,4.4,2,141,70.5,112.06,-6.19214168,15.8,31.4
Mehdi,MOSTEFA,MOST,MOSTALG,0.5,5.1,10,2,210,105,103.33,-14.92214168,21.7,28.3
Thiago,MOTTA,MOTT,MOTTITA,2.1,4.7,4.5,3,94,31.33,129.79,11.53785832,12.2,24.9
Benjamin,MOUKANDJO,MOUK,MOUKCMR,0.4,7.9,9.6,3,238,79.33,109.66,-8.59214168,26.1,30.7
Joao,MOUTINHO,MOUT,MOUTPOR,1.8,11.5,12.2,3,270,90,121.85,3.59785832,32.9,27
Thomas,MUELLER,MUEL,MUELGER,0.8,34.5,26.4,7,682,97.43,123.17,4.91785832,84,30.5
Mensur,MUJDZA,MUJD,MUJDBIH,1,7.2,7.3,2,159,79.5,114.47,-3.78214168,18.2,29.6
Sulley,MUNTARI,MUNT,MUNTGHA,1.3,8,8.4,2,180,90,125,6.74785832,22.5,26.3
Ahmed,MUSA,MUSA,MUSANGA,0.3,12.6,12.5,4,335,83.75,102.09,-16.16214168,34.2,31.2
Fernando,MUSLERA,MUSL,MUSLURU,0.4,3.1,4,4,360,90,35.56,-82.69214168,12.8,20.7
Shkodran,MUSTAFI,MUST,MUSTGER,1.3,6.4,4.2,3,131,43.67,111.45,-6.80214168,14.6,32.9
Dave,MYRIE,MYRI,MYRICRC,0.4,1.3,2.4,1,41,41,134.15,15.89785832,5.5,25.6
Yuto,NAGATOMO,NAGA,NAGAJPN,1.1,13.2,11.1,3,270,90,124.81,6.55785832,33.7,31.1
Andy,NAJAR,NAJA,NAJAHON,0.5,2.7,3.7,2,71,35.5,118.31,0.05785832,8.4,31.6
NANI,NANI,NANI,NANIPOR,1,12.5,11.4,3,270,90,119.63,1.37785832,32.3,29.8
Keylor,NAVAS,NAVA,NAVACRC,0.5,6.5,9.6,5,510,102,48.43,-69.82214168,24.7,24.1
Javad,NEKOUNAM,NEKO,NEKOIRN,0.7,7.8,15,3,270,90,120.74,2.48785832,32.6,27.2
Manuel,NEUER,NEUE,NEUEGER,0.9,13.7,12.8,7,690,98.57,55.8,-62.45214168,38.5,30.9
NEYMAR,NEYMAR,NEYM,NEYMBRA,0.8,18.5,15.9,5,457,91.4,109.19,-9.06214168,49.9,31.8
Landry,NGUEMO,NGUE,N'GUCMR,1.2,3.2,3.9,1,90,90,113.33,-4.92214168,10.2,24.1
Nicolas,NKOULOU,NKOU,N'KOCMR,0.8,6.8,10.1,3,270,90,92.96,-25.29214168,25.1,31.1
Cristhian,NOBOA,NOBO,NOBOECU,0.8,10.1,13,3,269,89.67,118.96,0.70785832,32,27.4
Dany,NOUNKEU,NOUN,NOUNCMR,1.1,3.1,4.1,2,88,44,113.64,-4.61214168,10,31.6
Uche,NWOFOR,NWOF,NWOFNGA,1.2,0.9,0.6,2,11,5.5,190.91,72.65785832,2.1,23.8
Allan,NYOM,NYOM,NYOMCMR,0.8,3,3.7,1,90,90,107.78,-10.47214168,9.7,29.4
Tommy,OAR,OAR,OARAUS,0.3,7.7,12.2,3,206,68.67,126.7,8.44785832,26.1,31.9
John,OBI MIKEL,OBI,OBINGA,1.4,13.9,14.6,4,360,90,109.72,-8.53214168,39.5,28.5
Godfrey,OBOABONA,OBOA,OBOANGA,2.1,1.2,0.7,1,29,29,89.66,-28.59214168,2.6,25.2
Guillermo,OCHOA,OCHO,OCHOMEX,0.5,4.6,5.1,4,360,90,45,-73.25214168,16.2,22.5
Peter,ODEMWINGIE,ODEM,ODEMNGA,0.9,11.3,12.2,4,281,70.25,117.79,-0.46214168,33.1,31.6
Mesut,OZIL,OZIL,OZILGER,1.2,31.6,23.6,7,655,93.57,111.76,-6.49214168,73.2,32
Shinji,OKAZAKI,OKAZ,OKAZJPN,0.4,10.1,9.3,3,249,83,111.24,-7.01214168,27.7,30.1
Yoshito,OKUBO,OKUB,OLICCRO,0.6,9.3,6.2,3,203,67.67,109.85,-8.40214168,22.3,27.4
Ivica,OLIC,OLIC,OLINCMR,0.4,9.2,9.7,3,228,76,125.44,7.18785832,28.6,29.8
Kenneth,OMERUO,OMER,OMERNGA,1,11.8,13.9,4,360,90,99.17,-19.08214168,35.7,30.7
Ogenyi,ONAZI,ONAZ,ONAZNGA,1.5,12.8,14.5,4,329,82.25,110.94,-7.31214168,36.5,30.9
Daniel,OPARE,OPAR,OPARGHA,1.6,3.8,2.9,1,90,90,107.78,-10.47214168,9.7,28.5
Divock,ORIGI,ORIG,ORIGBEL,0.4,11.5,9.7,5,245,49,124.08,5.82785832,30.4,30.7
Yuya,OSAKO,OSAK,OSAKJPN,0.4,5,4.4,2,124,62,110.48,-7.77214168,13.7,27.4
OSCAR,OSCAR,OSCA,OSCABRA,0.9,26,23.8,7,640,91.43,110.31,-7.94214168,70.6,27.8
Juwon,OSHANIWA,OSHA,OSHANGA,0.8,14,14.1,4,360,90,105.83,-12.42214168,38.1,28.1
David,OSPINA,OSPI,OSPICOL,0.5,6,5.8,5,445,89,45.39,-72.86214168,20.2,22.1
Rodrigo,PALACIO,PALA,PALAARG,0.4,8.1,8.5,5,160,32,144.38,26.12785832,23.1,31.4
Jerry,PALACIOS,PALA,PALAHON2,0.6,2.5,1.7,1,50,50,114,-4.25214168,5.7,27.4
Wilson,PALACIOS,PALA,PALAHON1,1.8,4.6,4.9,2,133,66.5,93.98,-24.27214168,12.5,25.8
Gabriel,PALETTA,PALE,PALEITA,1.2,3.4,3.8,1,90,90,100,-18.25214168,9,26.1
Sokratis,PAPASTATHOPOULOS,PAPA,PAPAGRE,0.8,11.3,13.1,4,390,97.5,95.9,-22.35214168,37.4,31
Juan,PAREDES,PARE,PARECHI,0.8,9.3,11.7,3,270,90,107.41,-10.84214168,29,31.2
Marco,PAROLO,PARO,PAROITA,0.8,3,2.8,2,55,27.5,147.27,29.01785832,8.1,28.8
Rui,PATRICIO,PATR,PATRPOR,0.6,1.9,2.1,1,90,90,62.22,-56.03214168,5.6,21.7
PAULINHO,PAULINHO,PAUL,PAULBRA,0.7,18.7,15,6,386,64.33,121.5,3.24785832,46.9,28.1
Carlos,PENA,PENA,PENAMEX,0.2,0.4,0.8,1,11,11,163.64,45.38785832,1.8,26.3
PEPE,PEPE,PEPE,PEPEPOR,1.1,4.7,5.2,2,127,63.5,113.39,-4.86214168,14.4,27.7
Oribe,PERALTA,PERA,PERAMEX,0.5,10.4,10,4,302,75.5,102.32,-15.93214168,30.9,28.2
Maximiliano,PEREIRA,PERE,PEREURU,1.1,8.7,8.9,3,224,74.67,119.64,1.38785832,26.8,27.4
Joao,PEREIRA,PERE,PEREPOR,1.1,10.5,11,3,241,80.33,117.84,-0.41214168,28.4,26.9
Enzo,PEREZ,PERE,PEREARG,0.7,8.9,10.6,3,224,74.67,116.07,-2.18214168,26,31.2
Alvaro,PEREIRA,PERE,PEREURU,1.1,5.4,8.6,3,206,68.67,103.88,-14.37214168,21.4,33.1
Ivan,PERISIC,PERI,PERICRO,0.5,9.7,9.6,3,258,86,113.18,-5.07214168,29.2,31.8
Mauricio,PINILLA,PINI,PINICHI,0.8,2.1,1.7,3,44,14.67,138.64,20.38785832,6.1,28.1
Gerard,PIQUE,PIQU,PIQUESP,1.6,3.3,3.3,1,90,90,102.22,-16.03214168,9.2,26.5
Andrea,PIRLO,PIRL,PIRLITA,2.3,12.9,10.4,3,270,90,116.3,-1.95214168,31.4,24.1
Miralem,PJANIC,PJAN,PJANBIH,1.8,14.4,12,3,270,90,127.78,9.52785832,34.5,28.7
Stipe,PLETIKOSA,PLET,PLETCRO,0.6,3,3.2,3,270,90,36.3,-81.95214168,9.8,17
Lukas,PODOLSKI,PODO,PODOGER,1.4,2.8,2.4,2,54,27,122.22,3.96785832,6.6,24.1
Paul,POGBA,POGB,POGBFRA,1.4,15.2,14.2,5,354,70.8,116.38,-1.87214168,41.2,30.5
Mehrdad,POOLADI,POOL,POOLIRN,0.5,6.8,12.9,3,270,90,103.33,-14.92214168,27.9,29.2
Helder,POSTIGA,POST,POSTPOR,0.5,0.9,0.5,1,16,16,118.75,0.49785832,1.9,21.2
Danijel,PRANJIC,PRAN,PRANCRO,1.1,6.4,5.6,2,164,82,110.37,-7.88214168,18.1,27.9
Kevin Prince, BOATENG,BOAT,BOATGHA,1,3.8,3.9,2,83,41.5,124.1,5.84785832,10.3,30.9
Juan,FERNANDEZ QUINTERO,FERN,FERNCOL,0.8,4,4.1,3,93,31,129.03,10.77785832,12,24.9
Mohammed,RABIU,RABI,RABIGHA,0.9,9.8,11.6,3,225,75,130.67,12.41785832,29.4,29.1
Ivan,RAKITIC,RAKI,RAKICRO,1.4,11.1,11.2,3,270,90,117.78,-0.47214168,31.8,29.6
Gaston,RAMIREZ,RAMI,RAMIURU,0.7,2.7,2.4,2,49,24.5,161.22,42.96785832,7.9,31.4
RAMIRES,RAMIRES,RAMI,RAMIBRA,1.9,12.1,11.7,7,247,35.29,133.2,14.94785832,32.9,31.1
Adrian,RAMOS,RAMO,RAMOCOL,1.6,5.2,4.6,3,139,46.33,111.51,-6.74214168,15.5,30.5
Sergio,RAMOS,RAMO,RAMOESP,0.6,12.1,9.9,3,270,90,110,-8.25214168,29.7,29.4
Ante,REBIC,REBI,REBICRO,0.7,2.2,1.8,3,44,14.67,134.09,15.83785832,5.9,29.8
Pepe,REINA,REIN,REINESP,0.6,2.1,1.6,1,90,90,53.33,-64.92214168,4.8,19.2
Loic,REMY,REMY,REMYFRA,1.5,1.8,1.5,2,28,14,167.86,49.60785832,4.7,30.1
Diego,REYES,REYE,REYEMEX,0.6,1.3,2,1,44,44,113.64,-4.61214168,5,24.5
Arjen,ROBBEN,ROBB,ROBBNED,0.7,31,25.8,7,690,98.57,114.93,-3.32214168,79.3,32.2
Maxi,RODRIGUEZ,RODR,RODRARG,1.3,2.9,3.1,2,65,32.5,116.92,-1.33214168,7.6,25
James,RODRIGUEZ,RODR,RODRCOL,1,16,15.5,5,399,79.8,115.54,-2.71214168,46.1,30.9
Pedro,RODRIGUEZ,RODR,RODRESP,0.8,5.1,3.5,2,104,52,114.42,-3.83214168,11.9,29.4
Cristian,RODRIGUEZ,RODR,RODRURU,0.8,10.3,12.9,4,334,83.5,109.58,-8.67214168,36.6,32
Francisco,RODRIGUEZ,RODR,RODRMEX,1.1,12,13.5,4,360,90,106.39,-11.86214168,38.3,27.4
Ricardo,RODRIGUEZ,RODR,RODRSUI,1,14,16.5,4,390,97.5,105.9,-12.35214168,41.3,30.5
Joao,ROJAS,ROJA,ROJAECU,0.8,0.6,1,1,13,13,161.54,43.28785832,2.1,25.9
Jose,ROJAS,ROJA,ROJACHI,0,0.3,0.5,1,12,12,116.67,-1.58214168,1.4,25.4
Marcos,ROJO,ROJO,ROJOARG,1.1,27.9,25.5,6,615,102.5,118.21,-0.04214168,72.7,31.8
Sergio,ROMERO,ROME,ROMEARG,0.5,8.3,8.2,7,720,102.86,34.17,-84.08214168,24.6,28.8
CRISTIANO,RONALDO,RONA,RONAPOR,0.8,11.2,9.1,3,270,90,104.44,-13.81214168,28.2,31.2
Wayne,ROONEY,ROON,ROONENG,0.7,9.7,7.9,3,194,64.67,122.16,3.90785832,23.7,30.7
Bryan,RUIZ,RUIZ,RUIZCRC,0.8,16.8,21.6,5,494,98.8,116.19,-2.06214168,57.4,29.6
Maty,RYAN,RYAN,RYANAUS,1,5.8,8.1,3,270,90,68.52,-49.73214168,18.5,26.1
Amirhossein,SADEGHI,SADE,SADEIRN,0.5,6.4,12.5,3,270,90,103.7,-14.55214168,28,25.8
Bacary,SAGNA,SAGN,SAGNFRA,1.4,4.3,3.2,1,90,90,115.56,-2.69214168,10.4,27.6
Mamadou,SAKHO,SAKH,SAKHFRA,1.6,9.9,9.6,4,289,72.25,96.89,-21.36214168,28,29.2
Carlos,SALCIDO,SALC,SALCMEX,0.8,3.6,5.1,2,91,45.5,130.77,12.51785832,11.9,25.4
Sejad,SALIHOVIC,SALI,SALIBIH,1.1,2.3,2,2,43,21.5,139.53,21.27785832,6,25
Edgar,SALLI,SALL,SALLCMR,1,2.1,2,2,47,23.5,125.53,7.27785832,5.9,31.2
Dimitrios,SALPINGIDIS,SALP,SALPGRE,0.5,8.8,9,4,225,56.25,117.33,-0.92214168,26.4,30.7
Andreas,SAMARIS,SAMA,SAMAGRE1,0.6,5.1,6.2,2,136,68,121.32,3.06785832,16.5,28.7
Georgios,SAMARAS,SAMA,SAMAGRE2,1.2,14,13.5,4,390,97.5,105.38,-12.87214168,41.1,31
Alexander,SAMEDOV,SAME,SAMERUS,0.9,12.5,12.2,3,270,90,123.33,5.07785832,33.3,29.8
SAMMIR,SAMMIR,SAMM,SAMMCRO,0.8,2.9,2.4,1,72,72,113.89,-4.36214168,8.2,30.9
Carlos,SANCHEZ,SANC,SANCCOL,0.7,12.4,14.2,4,360,90,108.06,-10.19214168,38.9,30.7
Alexis,SANCHEZ,SANC,SANCCHI,0.7,14.8,12.7,4,390,97.5,102.56,-15.69214168,40,31.1
Fabian,SCHAER,SCHA,SCHASUI,0.5,5.6,8.9,2,210,105,99.52,-18.73214168,20.9,29.2
Morgan,SCHNEIDERLIN,SCHN,SCHNFRA,1.8,4.9,3.9,1,90,90,135.56,17.30785832,12.2,28.7
Andre,SCHUERRLE,SCHU,SCHUGER,1.1,11.5,9.3,6,244,40.67,117.21,-1.04214168,28.6,30.2
Bastian,SCHWEINSTEIGER,SCHW,SCHWGER,2.1,26.1,20.4,6,505,84.17,125.15,6.89785832,63.2,29.2
Haris,SEFEROVIC,SEFE,SEFESUI,0.7,6.8,6.3,4,139,34.75,133.09,14.83785832,18.5,30.9
Philippe,SENDEROS,SEND,SENDSUI,1.8,3.1,2.7,1,81,81,102.47,-15.78214168,8.3,25.5
HWANG,SEOKHO,SEOK,SEOKKOR,1.2,0.8,0.9,1,17,17,135.29,17.03785832,2.3,22.4
Serey,DIE,DIE ,DIECIV,1.7,8.4,8,3,225,75,101.78,-16.47214168,22.9,30.7
KIM,SEUNGGYU,SEUN,SEUNKOR,0.4,1.2,1.2,1,90,90,43.33,-74.92214168,3.9,13.7
Xherdan,SHAQIRI,SHAQ,SHAQSUI,1,15.8,16.4,4,387,96.75,118.35,0.09785832,45.8,28.9
Oleg,SHATOV,SHAT,SHATRUS,0.9,10.5,10.6,3,209,69.67,132.54,14.28785832,27.7,28.9
Luke,SHAW,SHAW,SHAWENG,1.2,3.5,3.3,1,90,90,105.56,-12.69214168,9.5,31.1
Masoud,SHOJAEI,SHOJ,SHOJIRN,0.4,3.2,6.8,3,123,41,121.14,2.88785832,14.9,27.6
KIM,SHINWOOK,SHIN,SHINKOR,0.4,4.2,3.5,2,99,49.5,117.17,-1.08214168,11.6,25.2
David,SILVA,SILV,SILVESP,1.1,9.6,6.3,3,175,58.33,121.14,2.88785832,21.2,28.3
Francisco,SILVA,SILV,SILVCHI,1.3,10.8,11.2,3,280,93.33,113.57,-4.68214168,31.8,29.1
Thiago,SILVA,SILV,SILVBRA,1.5,15.7,17.1,6,570,95,88.95,-29.30214168,50.7,31.6
Giovanni,SIO,SIO,SIOCIV,0.7,0.3,0.3,1,7,7,171.43,53.17785832,1.2,30.2
Salvatore,SIRIGU,SIRI,SIRIITA,1,1.6,1.6,1,90,90,44.44,-73.81214168,4,20.6
Moussa,SISSOKO,SISS,SISSFRA,1.1,9.9,8.9,4,214,53.5,120.56,2.30785832,25.8,32.3
Islam,SLIMANI,SLIM,SLIMALG,0.5,10.8,13.7,4,324,81,110.8,-7.45214168,35.9,30
Chris,SMALLING,SMAL,SMALENG,1.1,3.5,3.2,1,90,90,107.78,-10.47214168,9.7,28.5
Wesley,SNEIJDER,SNEI,SNEINED,1.1,27.3,24.7,6,585,97.5,118.97,0.71785832,69.6,30.2
Alexandre,SONG,SONG,SONGCMR,1.1,3.8,4.9,2,119,59.5,107.56,-10.69214168,12.8,25.8
Emir,SPAHIC,SPAH,SPAHBIH,1.5,11.8,11.5,3,270,90,115.93,-2.32214168,31.3,29.6
Matthew,SPIRANOVIC,SPIR,SPIRAUS,1.2,9.8,14,3,270,90,117.04,-1.21214168,31.6,26.6
Darijo,SRNA,SRNA,SRNACRO,0.9,10.1,11.1,3,270,90,113.7,-4.55214168,30.7,33
Raheem,STERLING,STER,STERENG,0.8,8.1,7.3,3,182,60.67,114.84,-3.41214168,20.9,30.7
Valentin,STOCKER,STOC,STOCSUI,0.5,2.4,1.7,1,46,46,123.91,5.65785832,5.7,22.7
Cristhian,STUANI,STUA,STUAURU,0.4,7.2,7,4,177,44.25,129.38,11.12785832,22.9,27.9
Daniel,STURRIDGE,STUR,STURENG,0.5,11,8.2,3,260,86.67,103.46,-14.79214168,26.9,29.9
Luis,SUAREZ,SUAR,SUARURU,0.5,5.3,6.3,2,178,89,101.69,-16.56214168,18.1,28.7
YUN,SUKYOUNG,SUK-,SUK-KOR,1,11.1,11,3,270,90,115.19,-3.06214168,31.1,30.5
KI,SUNGYUENG,SUNG,SUNGKOR1,0.3,11.5,11.6,3,270,90,120.37,2.11785832,32.5,27.9
JUNG,SUNGRYONG,SUNG,SUNGKOR2,1.6,2.5,2.1,2,180,90,41.11,-77.14214168,7.4,13.4
Toni,SUNJIC,SUNJ,SUNJBIH,1.6,7.9,6.7,2,180,90,111.67,-6.58214168,20.1,27.9
Tino,SVEN SUSIC,SVEN,SUSIBIH,1.4,6,3.8,2,105,52.5,128.57,10.31785832,13.5,29.4
Adam,TAGGART,TAGG,TAGGAUS,0.2,2.3,2.9,2,59,29.5,116.95,-1.30214168,6.9,25.8
Saphir,TAIDER,TAID,TAIDALG,0.6,5,10,2,168,84,122.62,4.36785832,20.6,25.7
Yeltsin,TEJEDA,TEJE,TEJECRC,1,14.6,20.5,5,395,79,126.58,8.32785832,50,31.2
Andranik,TEYMOURIAN,TEYM,TEYMIRN,0.7,7.5,15.9,3,270,90,121.48,3.22785832,32.8,30.2
Ismael,TIOTE,TIOT,TIOTCIV,1.6,10.6,9.1,3,241,80.33,113.69,-4.56214168,27.4,29.8
Vasileios,TOROSIDIS,TORO,TOROGRE,0.8,13.2,14.3,4,390,97.5,104.87,-13.38214168,40.9,29.8
Fernando,TORRES,TORR,TEYMIRN,0.7,7.1,5.5,3,144,48,119.44,1.18785832,17.2,30.3
Yaya,TOURE,TOUR,TOURCIV2,1.3,12.2,8.9,3,270,90,109.63,-8.62214168,29.6,30.7
Kolo,TOURE,TOUR,TOURCIV1,1,2.7,2.9,1,90,90,92.22,-26.03214168,8.3,28.3
James,TROISI,TROI,TROIAUS,1.2,2.1,3,2,41,20.5,163.41,45.15785832,6.7,27.6
Okechukwu,UCHEBO,UCHE,UCHENGA,0.7,1.5,1.4,1,24,24,158.33,40.07785832,3.8,26.1
Atsuto,UCHIDA,UCHI,UCHIJPN,0.9,11.3,10.2,3,270,90,110.37,-7.88214168,29.8,30
Michael,UMANA,UMAN,UMANCRC,0.7,11.3,19.1,4,420,105,107.62,-10.63214168,45.2,29.2
Marcos,URENA,UREN,URENCRC,0.3,3.6,4.7,4,102,25.5,122.55,4.29785832,12.5,30.9
Ejike,UZOENYI,UZOE,UZOENGA,0,0.8,0.9,1,15,15,153.33,35.07785832,2.3,23.3
Mathieu,VALBUENA,VALB,VALBFRA,1.3,14.9,12.3,4,335,83.75,113.73,-4.52214168,38.1,29.4
Jorge,VALDIVIA,VALD,VALDCHI,0.7,5.1,2.7,3,93,31,120.43,2.17785832,11.2,27
Carlos,VALDES,VALD,VALDCOL,1.2,3,3.9,1,90,90,103.33,-14.92214168,9.3,25.5
Antonio,VALENCIA,VALE,VALEECU1,0.7,8.7,9.9,3,230,76.67,114.35,-3.90214168,26.3,29.8
Enner,VALENCIA,VALE,VALEECU2,0.4,8.8,9.4,3,270,90,100,-18.25214168,27,30.2
Noel,VALLADARES,VALL,VALLHON,0.5,2.7,3.4,3,270,90,37.04,-81.21214168,10,15
Robin,VAN PERSIE,VAN,VANNED,0.4,24.9,18.8,6,548,91.33,113.69,-4.56214168,62.3,30.2
Daniel,VAN BUYTEN,VAN,VANBEL,1.2,17.3,19.3,5,480,96,109.79,-8.46214168,52.7,31.6
Anthony,VANDEN BORRE,VAND,VANDBEL,1.1,3.6,4,1,90,90,115.56,-2.69214168,10.4,25.6
Raphael,VARANE,VARA,VARAFRA,1.1,13.6,14.7,5,389,77.8,106.17,-12.08214168,41.3,32.3
VARELA,VARELA,VARE,VAREPOR,1,2.8,2,2,50,25,138,19.74785832,6.9,27.4
Eduardo,VARGAS,VARG,VARGCHI,0.5,11.5,10.7,4,311,77.75,101.93,-16.32214168,31.7,29.1
Jose,VAZQUEZ,VAZQ,VAZQMEX,1.2,9.9,11.4,3,270,90,114.81,-3.44214168,31,28.1
Miguel,VELOSO,VELO,VELOPOR,1.4,9.5,10.3,3,226,75.33,119.03,0.77785832,26.9,30.1
Joel,VELTMAN,VELT,VELTNED,0.9,0.9,0.9,2,14,7,185.71,67.45785832,2.6,27.2
Paul,VERHAEGH,VERH,VERHNED,1.2,2.5,2.6,1,56,56,119.64,1.38785832,6.7,23.9
Thomas,VERMAELEN,VERM,VERMBEL,1.6,1.3,1.2,1,31,31,106.45,-11.80214168,3.3,23.8
Marco,VERRATTI,VERR,VERRITA,2,6.9,5.5,2,132,66,125,6.74785832,16.5,28.7
Jan,VERTONGHEN,VERT,VERTBEL,1.1,16.2,17.1,5,449,89.8,105.12,-13.13214168,47.2,31.2
Arturo,VIDAL,VIDA,VIDACHI,1.1,10.9,10.2,3,235,78.33,121.7,3.44785832,28.6,27.4
VIEIRINHA,VIEIRINHA,VIEI,VIEIPOR,1,1.2,1.1,1,21,21,147.62,29.36785832,3.1,26.1
David,VILLA,VILL,VILLESP,0.7,2.6,1.8,1,56,56,103.57,-14.68214168,5.8,31.2
Edin,VISCA,VISC,VISCBIH,0.5,1.6,1.5,2,25,12.5,164,45.74785832,4.1,25.2
Ron,VLAAR,VLAA,VLAANED,1.1,25.2,28.5,7,690,98.57,108.12,-10.13214168,74.6,33
Steve,VON BERGEN,VON,VONSUI,0.8,3.7,3.4,2,99,49.5,98.99,-19.26214168,9.8,30.5
Michel,VORM,VORM,VORMNED,2.5,0,0,1,1,1,100,-18.25214168,0.1,11.3
Ognjen,VRANJES,VRAN,VRANBIH,1.1,1.3,1.1,1,29,29,127.59,9.33785832,3.7,28
Avdija,VRSAJEVIC,VRSA,VRSABIH,1.2,4.7,3,1,90,90,120,1.74785832,10.8,32.1
Sime,VRSALJKO,VRSA,VRSACRO,1.2,5.7,6.9,2,148,74,119.59,1.33785832,17.7,29.6
Wakaso,MUBARAK,MUBA,MUBAGHA,1,1.2,1.8,2,27,13.5,162.96,44.70785832,4.4,25.2
Majeed,WARIS,WARI,WARIGHA,0.5,2.8,2.9,1,71,71,114.08,-4.17214168,8.1,30.3
Pierre,WEBO,WEBO,WEBOCMR,0.5,2,2.1,3,49,16.33,126.53,8.27785832,6.2,24.3
Danny,WELBECK,WELB,WELBENG,0.9,5.7,4.9,2,132,66,109.09,-9.16214168,14.4,28.7
Georginio,WIJNALDUM,WIJN,WIJNNED,1,23.4,23.3,7,550,78.57,118,-0.25214168,64.9,28.7
Alex,WILKINSON,WILK,WILKAUS,1.1,9,13.9,3,270,90,114.07,-4.18214168,30.8,26.5
WILLIAN,WILLIAN,WILL,WILLBRA,1.7,7.8,6.6,5,150,30,130,11.74785832,19.5,31.1
Wm,CARVALHO,CARV,CARVPOR,1.5,5.8,6.1,2,134,67,123.13,4.87785832,16.5,25.8
Jack,WILSHERE,WILS,WILSENG,1.2,4.6,3.5,2,90,45,121.11,2.85785832,10.9,27.8
Axel,WITSEL,WITS,WITSBEL,1.5,16.5,15.9,4,390,97.5,117.18,-1.07214168,45.7,30
Chris,WONDOLOWSKI,WOND,WONDUSA,0.9,3.1,2.4,2,51,25.5,156.86,38.60785832,8,24.1
Granit,XHAKA,XHAK,XHAKSUI,1,14.4,14.9,4,323,80.75,125.7,7.44785832,40.6,27.9
Konan,YA,YA,YA KCIV,1.7,0.7,0.6,1,12,12,166.67,48.41785832,2,26.7
Hotaru,YAMAGUCHI,YAMA,YAMAJPN,1.8,8.6,8.4,3,208,69.33,110.58,-7.67214168,23,29.4
Hassan,YEBDA,YEBD,YEBDALG,0.7,0.8,1.5,1,19,19,163.16,44.90785832,3.1,29.8
DeAndre,YEDLIN,YEDL,YEDLUSA,1.1,5.3,5.8,3,112,37.33,137.5,19.24785832,15.4,31.6
Mario,YEPES,YEPE,YEPECOL,0.7,10.9,12.8,4,360,90,103.61,-14.64214168,37.3,31.6
Joseph,YOBO,YOBO,YOBONGA,0.8,9.8,11.6,4,331,82.75,93.35,-24.90214168,30.9,28.3
LEE,Yong,Yong,YONGKOR,1.1,11.8,11.3,3,270,90,118.15,-0.10214168,31.9,29.4
Maya,YOSHIDA,YOSH,YOSHJPN,1.3,10.2,10,3,270,90,108.15,-10.10214168,29.2,29.2
KIM,YOUNGGWON,YOUN,YOUNKOR,1.3,9.6,10,3,270,90,105.56,-12.69214168,28.5,26.2
Pablo,ZABALETA,ZABA,ZABAARG,1.1,30.2,28.3,7,720,102.86,109.86,-8.39214168,79.1,29.6
Cristian,ZAPATA,ZAPA,ZAPACOL,0.8,10.9,12.4,4,360,90,102.5,-15.75214168,36.9,31.4
Yury,ZHIRKOV,ZHIR,ZHIRRUS,0.6,2.8,3.3,1,71,71,118.31,0.05785832,8.4,28.7
Didier,ZOKORA,ZOKO,ZOKOCIV,1.6,6.2,5.4,2,180,90,88.89,-29.36214168,16,30.3
Juan Camilo,ZUNIGA,ZUNI,ZUNICOL,1.1,11.8,12.2,4,360,90,101.39,-16.86214168,36.5,30.5
Graham,ZUSI,ZUSI,ZUSIUSA,0.9,11.4,13.8,4,259,64.75,130.12,11.86785832,33.7,30.1
